title,description
Task 01,Descricao 01
Task 02,Descricao 02
Task 03,Descricao 03
Task 04,Descricao 04
Task 05,Descricao 05
Task 06,Descricao 06
Task 07,Descricao 07
Task 08,Descricao 08
Task 09,Descricao 09
Task 10,Descricao 10
Task 11,Descricao 11
Task 12,Descricao 12
Task 13,Descricao 13
Task 14,Descricao 14
Task 15,Descricao 15
Task 16,Descricao 16
Task 17,Descricao 17
Task 18,Descricao 18
Task 19,Descricao 19
Task 20,Descricao 20
Task 21,Descricao 21
Task 22,Descricao 22
Task 23,Descricao 23
Task 24,Descricao 24
Task 25,Descricao 25
Task 26,Descricao 26
Task 27,Descricao 27
Task 28,Descricao 28
Task 29,Descricao 29
Task 30,Descricao 30
Task 31,Descricao 31
Task 32,Descricao 32
Task 33,Descricao 33
Task 34,Descricao 34
Task 35,Descricao 35
Task 36,Descricao 36
Task 37,Descricao 37
Task 38,Descricao 38
Task 39,Descricao 39
Task 40,Descricao 40
Task 41,Descricao 41
Task 42,Descricao 42
Task 43,Descricao 43
Task 44,Descricao 44
Task 45,Descricao 45
Task 46,Descricao 46
Task 47,Descricao 47
Task 48,Descricao 48
Task 49,Descricao 49
Task 50,Descricao 50
Task 51,Descricao 51
Task 52,Descricao 52
Task 53,Descricao 53
Task 54,Descricao 54
Task 55,Descricao 55
Task 56,Descricao 56
Task 57,Descricao 57
Task 58,Descricao 58
Task 59,Descricao 59
Task 60,Descricao 60
Task 61,Descricao 61
Task 62,Descricao 62
Task 63,Descricao 63
Task 64,Descricao 64
Task 65,Descricao 65
Task 66,Descricao 66
Task 67,Descricao 67
Task 68,Descricao 68
Task 69,Descricao 69
Task 70,Descricao 70
Task 71,Descricao 71
Task 72,Descricao 72
Task 73,Descricao 73
Task 74,Descricao 74
Task 75,Descricao 75
Task 76,Descricao 76
Task 77,Descricao 77
Task 78,Descricao 78
Task 79,Descricao 79
Task 80,Descricao 80
Task 81,Descricao 81
Task 82,Descricao 82
Task 83,Descricao 83
Task 84,Descricao 84
Task 85,Descricao 85
Task 86,Descricao 86
Task 87,Descricao 87
Task 88,Descricao 88
Task 89,Descricao 89
Task 90,Descricao 90
Task 91,Descricao 91
Task 92,Descricao 92
Task 93,Descricao 93
Task 94,Descricao 94
Task 95,Descricao 95
Task 96,Descricao 96
Task 97,Descricao 97
Task 98,Descricao 98
Task 99,Descricao 99
Task 100,Descricao 100
Task 101,Descricao 101
Task 102,Descricao 102
Task 103,Descricao 103
Task 104,Descricao 104
Task 105,Descricao 105
Task 106,Descricao 106
Task 107,Descricao 107
Task 108,Descricao 108
Task 109,Descricao 109
Task 110,Descricao 110
Task 111,Descricao 111
Task 112,Descricao 112
Task 113,Descricao 113
Task 114,Descricao 114
Task 115,Descricao 115
Task 116,Descricao 116
Task 117,Descricao 117
Task 118,Descricao 118
Task 119,Descricao 119
Task 120,Descricao 120
Task 121,Descricao 121
Task 122,Descricao 122
Task 123,Descricao 123
Task 124,Descricao 124
Task 125,Descricao 125
Task 126,Descricao 126
Task 127,Descricao 127
Task 128,Descricao 128
Task 129,Descricao 129
Task 130,Descricao 130
Task 131,Descricao 131
Task 132,Descricao 132
Task 133,Descricao 133
Task 134,Descricao 134
Task 135,Descricao 135
Task 136,Descricao 136
Task 137,Descricao 137
Task 138,Descricao 138
